"","year","month","avg_rating","no_ratings","avg_rating_owned","avg_rating_not_owned","avg_rating_prev_owned","avg_rating_comment","avg_rating_no_comment","no_ratings_owned","no_ratings_not_owned","no_ratings_prev_owned","no_ratings_comment","no_ratings_no_comment","cum_no_ratings","cum_no_ratings_owned","cum_no_ratings_not_owned","cum_no_ratings_prev_owned","cum_no_ratings_comment","cum_no_ratings_no_comment","cum_avg_rating","cum_avg_rating_owned","cum_avg_rating_not_owned","cum_avg_rating_prev_owned","cum_avg_rating_comment","cum_avg_rating_no_comment","month_after_release"
"1",2022,6,10,1,10,NA,NA,10,NA,1,0,0,1,0,1,1,0,0,1,0,10,10,NA,NA,10,NA,-4
"2",2022,7,7.25,4,NA,7.25,NA,NA,7.25,0,4,0,0,4,5,1,4,0,1,4,7.8,10,7.25,NA,10,7.25,-3
"3",2022,8,7.01,6,NA,7.01,NA,NA,7.01,0,6,0,0,6,11,1,10,0,1,10,7.36909090909091,10,7.106,NA,10,7.106,-2
"4",2022,9,8.07142857142857,7,8.33333333333333,7.875,NA,NA,8.07142857142857,3,4,0,0,7,18,4,14,0,1,17,7.64222222222222,8.75,7.32571428571429,NA,10,7.50352941176471,-1
"5",2022,10,7.69904489971347,349,8.411798,7.05989130434783,6.125,7.81086956521739,7.68206821782178,165,184,4,46,303,367,169,198,4,47,320,7.69625795640327,8.41980278106509,7.07868686868687,6.125,7.85744680851064,7.67258334375,0
"6",2022,11,7.9845135483871,558,8.53999344262295,7.31486387351779,7.66666666666667,7.8371186440678,8.00194100200401,305,253,6,59,499,925,474,451,10,106,819,7.87014619459459,8.49714065400844,7.21117640798226,7.05,7.8461320754717,7.87325424908425,1
"7",2022,12,8.32532639839034,1491,8.67933165829146,7.61517471774194,8,8.33433734939759,8.32419747924528,995,496,10,166,1325,2416,1469,947,20,272,2144,8.1510541763245,8.62054436351259,7.42277425554382,7.525,8.14408088235294,8.15193884794776,2
