"","year","month","avg_rating","no_ratings","avg_rating_owned","avg_rating_not_owned","avg_rating_prev_owned","avg_rating_comment","avg_rating_no_comment","no_ratings_owned","no_ratings_not_owned","no_ratings_prev_owned","no_ratings_comment","no_ratings_no_comment","cum_no_ratings","cum_no_ratings_owned","cum_no_ratings_not_owned","cum_no_ratings_prev_owned","cum_no_ratings_comment","cum_no_ratings_no_comment","cum_avg_rating","cum_avg_rating_owned","cum_avg_rating_not_owned","cum_avg_rating_prev_owned","cum_avg_rating_comment","cum_avg_rating_no_comment","month_after_release"
"1",2022,2,6.55011235955056,89,8.65833333333333,5.77169230769231,5.5,4.72413793103448,7.43266666666667,24,65,2,29,60,89,24,65,2,29,60,6.55011235955056,8.65833333333333,5.77169230769231,5.5,4.72413793103448,7.43266666666667,0
"2",2022,3,7.76696033333333,420,8.14095556666667,6.83197225,6.16666666666667,7.64054054054054,7.79399809248555,300,120,9,74,346,509,324,185,11,103,406,7.55419123772102,8.17927984567901,6.45944145945946,6.04545454545455,6.81941747572816,7.74059935960591,1
"3",2022,4,7.73413793103448,261,8.08822580645161,6.856,7,7.13647058823529,7.8236563876652,186,75,7,34,227,770,510,260,18,137,633,7.61518615584416,8.14607190196078,6.57383334615385,6.41666666666667,6.89810218978102,7.77038442338073,2
"4",2022,5,7.61589167464115,418,7.95672656716418,7.00693333333333,6.1,7.51842105263158,7.62563873684211,268,150,10,38,380,1188,778,410,28,175,1013,7.61543439393939,8.08084754498715,6.73228456097561,6.30357142857143,7.0328,7.71608692991115,3
"5",2022,6,7.52112709375,320,7.83301296116505,6.95754385964912,6.71428571428571,7.36113888888889,7.54140728873239,206,114,7,36,284,1508,984,524,35,211,1297,7.59542223474801,8.02896347560976,6.78129135496183,6.38571428571429,7.08881990521327,7.67783787972244,4
"6",2022,7,7.52762536873156,339,7.85742568075117,6.97010579365079,5.81818181818182,7.44655172413793,7.53520967741935,213,126,11,29,310,1847,1197,650,46,240,1607,7.58297873849486,7.99843920634921,6.81789230769231,6.25,7.13204583333333,7.65032403858121,5
"7",2022,8,7.60964664310954,283,7.85711229946524,7.12760416666667,5.5,7.19444444444444,7.63784905660377,187,96,3,18,265,2130,1384,746,49,258,1872,7.58652193896714,7.97934373554913,6.85774798927614,6.20408163265306,7.1363992248062,7.64855808226496,6
